Dataset,Fold,AUC,AP,ACC,SEN,PRE,SPE,F1,MCC
RPI1807,3.0,0.9862305992731144,0.9657727388311222,0.9789619075311237,0.9856047504626831,0.9727579518039853,0.9723190645992933,0.9790988922289661,0.9580897946798039
