Dataset,Fold,AUC,AP,ACC,SEN,PRE,SPE,F1,MCC
RPI1807,1,0.9987294343884497,0.9987118693602547,0.9889502762429573,0.9999999999997238,0.978378378378114,0.9779005524859178,0.989071038201102,0.9781394362547482
RPI1807,2,0.9898049510088216,0.9672560274405891,0.984806629834118,0.9834254143643693,0.9861495844872615,0.986187845303595,0.9847856154407374,0.9696169592610461
RPI1807,3,0.9843386714343813,0.97666026658255,0.9750692520774272,0.9916897506922461,0.9597855227879465,0.9584487534623384,0.9754768391868048,0.9506638739532761
RPI1807,4,0.9834178681870152,0.9584862520039239,0.9709141274236882,0.9722991689748,0.9696132596682405,0.9695290858723077,0.9709543567962047,0.941831868362256
RPI1807,5,0.974862071346905,0.9277492787682934,0.9750692520774272,0.9806094182822769,0.9698630136983645,0.9695290858723077,0.9752066115199809,0.9501968355676933
