Dataset,Fold,AUC,AP,ACC,SEN,PRE,SPE,F1,MCC
RPI369,3.0,0.7715636956276299,0.7784618987434103,0.8105430435253131,0.7446428292067258,0.8594212747463755,0.8764432578427828,0.7947151415006475,0.6298354902169402
