Dataset,Fold,AUC,AP,ACC,SEN,PRE,SPE,F1,MCC
RPI369,1,0.8694302410518628,0.8843327480547337,0.8581081081075284,0.8108108108097151,0.8955223880583648,0.9054054054041819,0.85106382973615,0.7194422834315751
RPI369,2,0.8127355683396151,0.7367064545435826,0.8732394366191034,0.8873239436607221,0.8630136986289547,0.8591549295762547,0.8749999999487943,0.746775212621193
RPI369,3,0.7125164195909176,0.7763747569418347,0.7671232876707075,0.6164383561635391,0.8823529411747405,0.9178082191768249,0.7258064515633065,0.5602962506968002
RPI369,4,0.6720233747260774,0.6914860353068779,0.7162162162157324,0.6621621621612673,0.7424242424231176,0.7702702702692293,0.6999999999491633,0.43498179826162947
RPI369,5,0.7911128744296766,0.8034094988700229,0.8380281690134944,0.7464788732383852,0.9137931034467003,0.9295774647874231,0.821705426305823,0.6876819060735033
