Dataset,Fold,AUC,AP,ACC,SEN,PRE,SPE,F1,MCC
RPI488,3.0,0.9231058962700727,0.9201365132586137,0.8803571428562373,0.8640306122431202,0.8969604063712934,0.8966836734675434,0.8766021755505682,0.7668440402090118
