Dataset,Fold,AUC,AP,ACC,SEN,PRE,SPE,F1,MCC
RPI488,1,0.8962932111620158,0.9200272330736577,0.8571428571419825,0.77551020408005,0.9268292682904223,0.9387755102021658,0.844444444392963,0.7240002033111061
RPI488,2,0.9987505206164098,0.9987501735388035,0.9795918367336943,0.9999999999979592,0.9607843137236063,0.9591836734674302,0.97999999994806,0.9599836599916586
RPI488,3,0.9175343606830487,0.8977514923801444,0.8775510204072677,0.8571428571411078,0.8936170212746944,0.8979591836716367,0.8749999999481988,0.7557318174402419
RPI488,4,0.9409722222222222,0.9429438319617486,0.8541666666657769,0.9374999999980469,0.8035714285699936,0.7708333333317274,0.8653846153332472,0.7183811165192391
RPI488,5,0.8619791666666667,0.841209835338714,0.8333333333324653,0.7499999999984375,0.8999999999977499,0.9166666666647569,0.8181818181303718,0.6761234037828132
