Dataset,Fold,AUC,AP,ACC,SEN,PRE,SPE,F1,MCC
RPI1446,3.0,0.9685808185886906,0.9536324400472369,0.9097207970407686,0.8844600882946472,0.9312961526226647,0.9349815057865756,0.9070663215462492,0.8207958867315124
