Dataset,Fold,AUC,AP,ACC,SEN,PRE,SPE,F1,MCC
RPI1446,1,0.9858501783590963,0.9843794150963467,0.9534482758619045,0.9551724137927741,0.951890034363934,0.9517241379307063,0.9535283992612038,0.9069019435472025
RPI1446,2,0.9616383903449433,0.9530518184287661,0.8737024221451775,0.8408304498266987,0.8999999999996667,0.9065743944633542,0.8694096600570814,0.7490253407188312
RPI1446,3,0.9666191736210055,0.921440487923085,0.9307958477507039,0.899653979238443,0.959409594095587,0.961937716262643,0.9285714285211486,0.8632677442371638
RPI1446,4,0.9741142946085416,0.9666483284469845,0.9013840830448266,0.861591695501432,0.9360902255635579,0.9411764705879097,0.8972972972470599,0.8053225676821197
RPI1446,5,0.9546820560098659,0.9426421503410018,0.8892733564012302,0.8650519031138876,0.9090909090905785,0.9134948096882652,0.886524822644752,0.7794618374722444
