Dataset,Fold,AUC,AP,ACC,SEN,PRE,SPE,F1,MCC
RPI2241,3.0,0.987473256332045,0.9851102330931625,0.9504937139156076,0.9270069605566291,0.9725718076256376,0.973980467274365,0.9486146229022182,0.9029334366333602
