Dataset,Fold,AUC,AP,ACC,SEN,PRE,SPE,F1,MCC
RPI2241,1,0.9891311954608341,0.9886525838391246,0.9547563805103301,0.9489559164730977,0.9600938967133896,0.9605568445473409,0.954492415352346,0.909573969009509
RPI2241,2,0.9992248103746212,0.999251919558111,0.9837587006959415,0.9860788863106761,0.9815242494224061,0.9814385150809788,0.9837962962460688,0.9675278183582869
RPI2241,3,0.9937804218496484,0.9952987052970425,0.9732558139533751,0.965116279069543,0.9810874704489406,0.9813953488369811,0.9730363422709944,0.9466370694697835
RPI2241,4,0.9821741481882098,0.982480240372166,0.9255813953487295,0.8767441860463078,0.9716494845358321,0.9744186046509362,0.9217603911479506,0.8552522458222045
RPI2241,5,0.9730557057869118,0.9598677163993684,0.915116279069661,0.8581395348835213,0.9685039370076198,0.9720930232555879,0.9099876694937312,0.8356760805070168
